SentID,Original_Sentence,Reference_Output,Output,Roman_Script
HL0006_EN_5,"Meat, sugar, strong tea or coffee, condiments, pickles, refined and processed foods should all be avoided, as also soft drinks, candies, ice cream and products made with sugar and white flour.","मांस, साखर, कडक चहा किंवा कॉफी, मसालेदार तोंडीलावणी, लोणची, अति शिजवलेले आणि प्रक्रिया केलेले असे सर्व अन्नपदार्थ टाळले पाहिजेत, तसेच शीतपेये, कॅंडीज्, आईस्क्रीम आणि साखर व मैद्यापासून बनविलेले पदार्थ सुद्धा.","Mānsa, sākhara, kaḍaka cahā kinvā kŏphī, masālēdāra tōṇḍīlāvaṇī, lōṇacī, ati śijavalēlē āṇi prakriyā kēlēlē asē sarva annapadārtha ṭāḷalē pāhijēta, tasēca śītapēyē, kĕṇḍīj, ā'īskrīma āṇi sākhara va maidyāpāsūna banavilēlē padārtha sud'dhā.","Mānsa, sākhara, kaḍaka cahā kinvā kŏphī, masālēdāra tōṇḍīlāvaṇī, lōṇacī, ati śijavalēlē āṇi prakriyā kēlēlē asē sarva annapadārtha ṭāḷalē pāhijēta, tasēca śītapēyē, kĕṇḍīj, ā'īskrīma āṇi sākhara va maidyāpāsūna banavilēlē padārtha sud'dhā."
HL0006_EN_6,"Two vitamins, namely, niacin and vitamin A, have been used successfully to treat acne.","निऍसिन व जीवनसत्त्व अ, या नावांची दोन जीवनसत्त्वे, मुरुमांवरील उपचारांकरीता यशस्वीपणे वापरण्यात येतात.","Ni'ĕsina va jīvanasattva a, yā nāvān̄cī dōna jīvanasattvē, murumānvarīla upacārāṅkarītā yaśasvīpaṇē vāparaṇyāta yētāta.","Ni'ĕsina va jīvanasattva a, yā nāvān̄cī dōna jīvanasattvē, murumānvarīla upacārāṅkarītā yaśasvīpaṇē vāparaṇyāta yētāta."
HL0006_EN_7,Vitamin E is also vitally important for preventing scarring from acne and in removing old scars.,जीवनसत्त्व ई सुद्धा मुरुमांमुळे पडणार्‍या डागांच्या आणि जुन्या व्रणांच्या प्रतिबंधासाठी अतिशय महत्त्वाचे आहे.,Jīvanasattva ī sud'dhā murumāmmuḷē paḍaṇār‍yā ḍāgān̄cyā āṇi jun'yā vraṇān̄cyā pratibandhāsāṭhī atiśaya mahattvācē āhē.,Jīvanasattva ī sud'dhā murumāmmuḷē paḍaṇār‍yā ḍāgān̄cyā āṇi jun'yā vraṇān̄cyā pratibandhāsāṭhī atiśaya mahattvācē āhē.
HL0006_EN_8,"For local treatment, hot fomentation should be applied to open up the pores and squeeze out the waste matter.","अंगीय उपचारांकरीता, छिद्रे उघडण्यासाठी गरम वाफारा घेतला पाहिजे आणि आतील टाकाऊ द्रव्य पिळून टाकले पाहिजे.","Aṅgīya upacārāṅkarītā, chidrē ughaḍaṇyāsāṭhī garama vāphārā ghētalā pāhijē āṇi ātīla ṭākā'ū dravya piḷūna ṭākalē pāhijē.","Aṅgīya upacārāṅkarītā, chidrē ughaḍaṇyāsāṭhī garama vāphārā ghētalā pāhijē āṇi ātīla ṭākā'ū dravya piḷūna ṭākalē pāhijē."
HL0006_EN_9,Then rinse with cold water.,नंतर थंड पाण्याने धुवावे.,Nantara thaṇḍa pāṇyānē dhuvāvē.,Nantara thaṇḍa pāṇyānē dhuvāvē.
HL0006_EN_10,"Sun and air baths, by exposing the whole body to sun and air, are highly beneficial.",सूर्यप्रकाशात व हवेमधे संपूर्ण शरीर उघडे टाकून घेतलेले सूर्य व हवेचे स्नान अतिशय फायदेशीर असते.,Sūryaprakāśāta va havēmadhē sampūrṇa śarīra ughaḍē ṭākūna ghētalēlē sūrya va havēcē snāna atiśaya phāyadēśīra asatē.,Sūryaprakāśāta va havēmadhē sampūrṇa śarīra ughaḍē ṭākūna ghētalēlē sūrya va havēcē snāna atiśaya phāyadēśīra asatē.
HL0006_EN_11,Washing the affected area with lemon juice has also proved helpful.,बाधित भाग लिंबाच्या रसाने धुणे सुद्धा उपायकारक सिद्ध झाले आहे.,Bādhita bhāga limbācyā rasānē dhuṇē sud'dhā upāyakāraka sid'dha jhālē āhē.,Bādhita bhāga limbācyā rasānē dhuṇē sud'dhā upāyakāraka sid'dha jhālē āhē.
HL0006_EN_12,"Healing packs made of grated cucumbers, oatmeal cooked in milk, creamed carrots, used externally, have been found effective.","किसलेली काकडी, दुधात शिजवलेले ओटचे पीठ, साय आणि गाजर ह्यांपासून बनवलेले शामक लेप बाहेरुन लावणे परिणामकारक ठरते.","Kisalēlī kākaḍī, dudhāta śijavalēlē ōṭacē pīṭha, sāya āṇi gājara hyāmpāsūna banavalēlē śāmaka lēpa bāhēruna lāvaṇē pariṇāmakāraka ṭharatē.","Kisalēlī kākaḍī, dudhāta śijavalēlē ōṭacē pīṭha, sāya āṇi gājara hyāmpāsūna banavalēlē śāmaka lēpa bāhēruna lāvaṇē pariṇāmakāraka ṭharatē."
HL0006_EN_13,Packs should be applied and kept on for half an hour and then washed off with cold water.,लेप लावून अर्धा तास ठेवले पाहिजेत आणि नंतर थंड पाण्याने धुवून टाकावेत.,Lēpa lāvūna ardhā tāsa ṭhēvalē pāhijēta āṇi nantara thaṇḍa pāṇyānē dhuvūna ṭākāvēta.,Lēpa lāvūna ardhā tāsa ṭhēvalē pāhijēta āṇi nantara thaṇḍa pāṇyānē dhuvūna ṭākāvēta.
HL0006_EN_14,A hot Epsom salt bath twice a week will be highly beneficial in all cases of acne.,मुरुमांच्या सर्व प्रकारांकरीता आठवड्यातून दोनदा गरम पाण्यात एप्सम सॉल्ट टाकून केलेले स्नान खूपच फायदेशीर ठरेल.,Murumān̄cyā sarva prakārāṅkarītā āṭhavaḍyātūna dōnadā garama pāṇyāta ēpsama sŏlṭa ṭākūna kēlēlē snāna khūpaca phāyadēśīra ṭharēla.,Murumān̄cyā sarva prakārāṅkarītā āṭhavaḍyātūna dōnadā garama pāṇyāta ēpsama sŏlṭa ṭākūna kēlēlē snāna khūpaca phāyadēśīra ṭharēla.
HL0006_EN_15,This bath is prepared by adding three lbs. of Epsom salt to 60 litres of water having a temperature of about 100oF. The patient should remain in the bath from 25 to 35 minutes till he perspires freely.,१०० अंश फॅरनहाइट तापमान असलेल्या ६० लिटर पाण्यामधे तीन पौंड एप्सम सॉल्ट घालून हे स्नान घेतले जाते. रुग्णाला घाम येऊन मोकळे वाटेपर्यंत २५ ते ३० मिनिटे हे स्नान केले पाहिजे.,100 Anśa phĕranahā'iṭa tāpamāna asalēlyā 60 liṭara pāṇyāmadhē tīna pauṇḍa ēpsama sŏlṭa ghālūna hē snāna ghētalē jātē. Rugṇālā ghāma yē'ūna mōkaḷē vāṭēparyanta 25 tē 30 miniṭē hē snāna kēlē pāhijē.,100 Anśa phĕranahā'iṭa tāpamāna asalēlyā 60 liṭara pāṇyāmadhē tīna pauṇḍa ēpsama sŏlṭa ghālūna hē snāna ghētalē jātē. Rugṇālā ghāma yē'ūna mōkaḷē vāṭēparyanta 25 tē 30 miniṭē hē snāna kēlē pāhijē.
HL0006_EN_16,"After the bath, the patient should cool off gradually.",स्नानानंतर रुग्ण हळूहळू थंड झाला पाहिजे.,Snānānantara rugṇa haḷūhaḷū thaṇḍa jhālā pāhijē.,Snānānantara rugṇa haḷūhaḷū thaṇḍa jhālā pāhijē.
HL0006_EN_17,The World Health Organisation has listed alcoholism as one of the three most deadly killer diseases of the 20th century.,जागतिक आरोग्य संघटनेने मदिराधीनतेची गणना २०व्या शतकातील तीन सर्वात धोकादायक रोगांपैकी एकामधे केली आहे.,Jāgatika ārōgya saṅghaṭanēnē madirādhīnatēcī gaṇanā 20vyā śatakātīla tīna sarvāta dhōkādāyaka rōgāmpaikī ēkāmadhē kēlī āhē.,Jāgatika ārōgya saṅghaṭanēnē madirādhīnatēcī gaṇanā 20vyā śatakātīla tīna sarvāta dhōkādāyaka rōgāmpaikī ēkāmadhē kēlī āhē.
HL0006_EN_18,Alcoholism is also a very serious social problem.,मदिराधीनता हा अतिशय गंभीर सामाजिक प्रश्न सुद्धा आहे.,Madirādhīnatā hā atiśaya gambhīra sāmājika praśna sud'dhā āhē.,Madirādhīnatā hā atiśaya gambhīra sāmājika praśna sud'dhā āhē.
HL0012_EN_49,"The unused and undigested portion of raw starchy foods does not become injurious to the system, as it does not readily ferment.","तथापि कच्च्या पिष्टसत्वमय पदार्थांबाबतीत, लाळ व लहान आतडयातील पाचक रस मिळून, शरीराला आवश्यक असलेल्या शर्करेच्या परिमाणाएवढेच त्यांचे रुपांतर करण्यावर नियंत्रण ठेवतात.","Tathāpi kaccyā piṣṭasatvamaya padārthāmbābatīta, lāḷa va lahāna ātaḍayātīla pācaka rasa miḷūna, śarīrālā āvaśyaka asalēlyā śarkarēcyā parimāṇā'ēvaḍhēca tyān̄cē rupāntara karaṇyāvara niyantraṇa ṭhēvatāta.","Tathāpi kaccyā piṣṭasatvamaya padārthāmbābatīta, lāḷa va lahāna ātaḍayātīla pācaka rasa miḷūna, śarīrālā āvaśyaka asalēlyā śarkarēcyā parimāṇā'ēvaḍhēca tyān̄cē rupāntara karaṇyāvara niyantraṇa ṭhēvatāta."
HL0012_EN_50,The diabetic should not be afraid to eat fresh fruits and vegetables which contain sugar and starch.,कच्च्या पिष्टमय पदार्थांचा न वापरला गेलेला आणि न पचविला गेलेला भाग प्रणालीसाठी हानीकारक ठरत नाही कारण त्याचे सहजतेने किण्वन होत नाही.,Kaccyā piṣṭamaya padārthān̄cā na vāparalā gēlēlā āṇi na pacavilā gēlēlā bhāga praṇālīsāṭhī hānīkāraka ṭharata nāhī kāraṇa tyācē sahajatēnē kiṇvana hōta nāhī.,Kaccyā piṣṭamaya padārthān̄cā na vāparalā gēlēlā āṇi na pacavilā gēlēlā bhāga praṇālīsāṭhī hānīkāraka ṭharata nāhī kāraṇa tyācē sahajatēnē kiṇvana hōta nāhī.
HL0012_EN_51,Fresh fruits contain sugar (fructose) which does not need insulin for its metabolism and is well tolerated by diabetics.,मधुमेहींनी शर्करा व पिष्टसत्व असलेली ताजी फळे खाण्यास घाबरु नये.,Madhumēhīnnī śarkarā va piṣṭasatva asalēlī tājī phaḷē khāṇyāsa ghābaru nayē.,Madhumēhīnnī śarkarā va piṣṭasatva asalēlī tājī phaḷē khāṇyāsa ghābaru nayē.
HL0012_EN_52,"Fats and oils should be taken sparingly, for they are apt to lower the tolerance for proteins and starches.","ताज्या फळांमध्ये शर्करा (फ्रुक्टोज) असते, जिला चयापचयासाठी इन्शुलिनची गरज नसते व मधुमेही व्यक्ती ती सहजतेने सहन करु शकतात.","Tājyā phaḷāmmadhyē śarkarā (phrukṭōja) asatē, jilā cayāpacayāsāṭhī inśulinacī garaja nasatē va madhumēhī vyaktī tī sahajatēnē sahana karu śakatāta.","Tājyā phaḷāmmadhyē śarkarā (phrukṭōja) asatē, jilā cayāpacayāsāṭhī inśulinacī garaja nasatē va madhumēhī vyaktī tī sahajatēnē sahana karu śakatāta."
HL0012_EN_53,Emphasis should be on raw foods as they stimulate and increase insulin production.,"मेदमय पदार्थ आणि तेले ही हात राखून घेतली गेली पाहिजेत, कारण ती, प्रथिने व पिष्टसत्वे सहन करु शकण्याची क्षमता कमी करतात.","Mēdamaya padārtha āṇi tēlē hī hāta rākhūna ghētalī gēlī pāhijēta, kāraṇa tī, prathinē va piṣṭasatvē sahana karu śakaṇyācī kṣamatā kamī karatāta.","Mēdamaya padārtha āṇi tēlē hī hāta rākhūna ghētalī gēlī pāhijēta, kāraṇa tī, prathinē va piṣṭasatvē sahana karu śakaṇyācī kṣamatā kamī karatāta."
HL0012_EN_54,"For protein, home-made cottage cheese, various forms of soured milk and nuts are best.",कच्च्या अन्नपदार्थांवर भर दिला गेला पाहिजे कारण ते इन्शुलिनच्या उत्पादनाला उत्तेजन देतात व वाढवितात.,Kaccyā annapadārthānvara bhara dilā gēlā pāhijē kāraṇa tē inśulinacyā utpādanālā uttējana dētāta va vāḍhavitāta.,Kaccyā annapadārthānvara bhara dilā gēlā pāhijē kāraṇa tē inśulinacyā utpādanālā uttējana dētāta va vāḍhavitāta.
HL0012_EN_55,The patients should avoid overeating and take four or five small meals a day rather than three large ones.,"प्रथिनांसाठी, घरगुती चीज (पनीर), फाटलेल्या / नासलेल्या दुधाचे विविध प्रकार आणि कठीण कवचांची फळे सर्वोत्तम आहेत.","Prathinānsāṭhī, gharagutī cīja (panīra), phāṭalēlyā/ nāsalēlyā dudhācē vividha prakāra āṇi kaṭhīṇa kavacān̄cī phaḷē sarvōttama āhēta.","Prathinānsāṭhī, gharagutī cīja (panīra), phāṭalēlyā/ nāsalēlyā dudhācē vividha prakāra āṇi kaṭhīṇa kavacān̄cī phaḷē sarvōttama āhēta."
HL0012_EN_56,The diabetic patient should take the juice of three or four bitter gourds daily in between meals for positive results.,रुग्णांनी अति खाणे टाळावे आणि दररोज तीन मोठया जेवणांऐवजी चार किंवा पाच छोटी जेवणे घ्यावीत.,Rugṇānnī ati khāṇē ṭāḷāvē āṇi dararōja tīna mōṭhayā jēvaṇāṁaivajī cāra kinvā pāca chōṭī jēvaṇē ghyāvīta.,Rugṇānnī ati khāṇē ṭāḷāvē āṇi dararōja tīna mōṭhayā jēvaṇāṁaivajī cāra kinvā pāca chōṭī jēvaṇē ghyāvīta.
HL0012_EN_57,"The patients should avoid tea, coffee and cocoa because of their adverse influence on the digestive tract.","मधुमेहाच्या रुग्णाने, सकारात्मक परिणामांसाठी, दररोज, दोन जेवणांच्या दरम्यान तीन ते चार कार्ल्यांचा रस घ्यावा.","Madhumēhācyā rugṇānē, sakārātmaka pariṇāmānsāṭhī, dararōja, dōna jēvaṇān̄cyā daramyāna tīna tē cāra kārlyān̄cā rasa ghyāvā.","Madhumēhācyā rugṇānē, sakārātmaka pariṇāmānsāṭhī, dararōja, dōna jēvaṇān̄cyā daramyāna tīna tē cāra kārlyān̄cā rasa ghyāvā."
HL0012_EN_58,"Other foods which should be avoided are white bread, white flour products, sugar, tinned fruits, sweets, chocolates, pastries, pies, puddings, refined cereals and alcoholic drinks.","पचन मार्गावर होणा~या विपरीत परिणामांमुळे, रुग्णांनी चहा, कॉफी आणि कोको (घेणे) टाळावे.","Pacana mārgāvara hōṇā~yā viparīta pariṇāmāmmuḷē, rugṇānnī cahā, kŏphī āṇi kōkō (ghēṇē) ṭāḷāvē.","Pacana mārgāvara hōṇā~yā viparīta pariṇāmāmmuḷē, rugṇānnī cahā, kŏphī āṇi kōkō (ghēṇē) ṭāḷāvē."
HL0012_EN_59,The most important nutrient in the treatment of diabetes is manganese which is vital in the production of natural insulin.,"टाळण्यासारखे इतर अन्नपदार्थ म्हणजे, पांढरा ब्रेड, पांढ~या पिठांचे पदार्थ, साखर, डबाबंद फळे, मिठाया, चॉकोलेटे, पॅस्ट्री, पाईज, पुडिंग अतिशुध्द केलेली तृणधान्ये आणि मद्यार्कयुक्त पेये हे होत.","Ṭāḷaṇyāsārakhē itara annapadārtha mhaṇajē, pāṇḍharā brēḍa, pāṇḍha~yā piṭhān̄cē padārtha, sākhara, ḍabābanda phaḷē, miṭhāyā, cŏkōlēṭē, pĕsṭrī, pā'īja, puḍiṅga atiśudhda kēlēlī tr̥ṇadhān'yē āṇi madyārkayukta pēyē hē hōta.","Ṭāḷaṇyāsārakhē itara annapadārtha mhaṇajē, pāṇḍharā brēḍa, pāṇḍha~yā piṭhān̄cē padārtha, sākhara, ḍabābanda phaḷē, miṭhāyā, cŏkōlēṭē, pĕsṭrī, pā'īja, puḍiṅga atiśudhda kēlēlī tr̥ṇadhān'yē āṇi madyārkayukta pēyē hē hōta."
HL0012_EN_60,"It is found in citrus fruits, in the outer covering of nuts, grains and in the green leaves of edible plants.","मँगनीज हे, मधुमेहावरील उपचारांमधील सर्वात महत्वाचे पोषक द्रव्य आहे, जे नैसर्गिक इन्शुलिनचे उत्पादन होण्यामध्ये खूप महत्वाचे आहे.","Mam̐ganīja hē, madhumēhāvarīla upacārāmmadhīla sarvāta mahatvācē pōṣaka dravya āhē, jē naisargika inśulinacē utpādana hōṇyāmadhyē khūpa mahatvācē āhē.","Mam̐ganīja hē, madhumēhāvarīla upacārāmmadhīla sarvāta mahatvācē pōṣaka dravya āhē, jē naisargika inśulinacē utpādana hōṇyāmadhyē khūpa mahatvācē āhē."
HL0012_EN_61,"Other nutrients of special value are zinc, B-complex vitamins and poly-unsaturated fatty acids.","ते, लिंबाच्या जातीच्या फळांमध्ये, कठीण कवचांच्या फळांच्या बाहेरील आवरणात, धान्ये आणि पालेभाज्यांच्या हिरव्या पानांमध्ये आढळते.","Tē, limbācyā jātīcyā phaḷāmmadhyē, kaṭhīṇa kavacān̄cyā phaḷān̄cyā bāhērīla āvaraṇāta, dhān'yē āṇi pālēbhājyān̄cyā hiravyā pānāmmadhyē āḍhaḷatē.","Tē, limbācyā jātīcyā phaḷāmmadhyē, kaṭhīṇa kavacān̄cyā phaḷān̄cyā bāhērīla āvaraṇāta, dhān'yē āṇi pālēbhājyān̄cyā hiravyā pānāmmadhyē āḍhaḷatē."
HL0012_EN_62,Diarrhoea refers to the frequent passage of loose or watery unformed stools.,"विशेष मूल्य असलेली इतर पोषक द्रव्ये म्हणजे, जस्त, बी-काँप्लेक्स जीवनसत्वे आणि बहु-असंपृक्त- मेदाम्ले ही होत.","Viśēṣa mūlya asalēlī itara pōṣaka dravyē mhaṇajē, jasta, bī-kām̐plēksa jīvanasatvē āṇi bahu-asampr̥kta- mēdāmlē hī hōta.","Viśēṣa mūlya asalēlī itara pōṣaka dravyē mhaṇajē, jasta, bī-kām̐plēksa jīvanasatvē āṇi bahu-asampr̥kta- mēdāmlē hī hōta."
HL0012_EN_63,"The intestines normally get more than 10 litres of liquid per day which comes from the diet and from the secretions of the stomach, liver, pancreas and intestines.",अतिसार (जुलाब) म्हणजे अनियंत्रित किंवा पाण्यासारखे शौच वारंवार होणे.,Atisāra (julāba) mhaṇajē aniyantrita kinvā pāṇyāsārakhē śauca vāranvāra hōṇē.,Atisāra (julāba) mhaṇajē aniyantrita kinvā pāṇyāsārakhē śauca vāranvāra hōṇē.
HL0013_EN_42,It neutralises putrefactive toxins and kills unhealthy bacteria.,ते कुजविणा-या विषारी पदार्थांना निष्क्रीय करते व अनारोगी विषाणूंना मारते.,Tē kujaviṇā-yā viṣārī padārthānnā niṣkrīya karatē va anārōgī viṣāṇūnnā māratē.,Tē kujaviṇā-yā viṣārī padārthānnā niṣkrīya karatē va anārōgī viṣāṇūnnā māratē.
HL0013_EN_43,It also eliminates gas and helps digestion.,ते वायू नष्ट करते व पचनास मदत करते.,Tē vāyū naṣṭa karatē va pacanāsa madata karatē.,Tē vāyū naṣṭa karatē va pacanāsa madata karatē.
HL0013_EN_44,B vitamins are also beneficial in case of dyspepsia.,ब जिवनसत्त्व हे डिस्पेप्सियाच्या केसीतही उपयुक्त आहे.,Apacanācyā bābatītahī ba jīvanasattvē phāyadēśīra ṭharatāta,Apacanācyā bābatītahī ba jīvanasattvē phāyadēśīra ṭharatāta
HL0013_EN_45,B1 or thiamine is especially useful for the digestion of starches.,ब १ किंवा थियामीन हे मुख्यत्त्वे पिष्टमय पदार्थांच्या पचनासाठी उपयुक्त आहे.,B1 kinvā thāyāmina sṭārcacyā pacanāsāṭhī viśēṣataḥ upayukta āhē,B1 kinvā thāyāmina sṭārcacyā pacanāsāṭhī viśēṣataḥ upayukta āhē
HL0013_EN_46,But it should be ensured that the whole B complex group in some form is added to prevent imbalance which may be caused if only one B factor is given.,परंतु ह्याची खात्री पाहिजे की केवळ एक ब घटक दिल्यास त्यामुळे कारणीभूत ठरणारा असमतोल टाळण्यासाठी कोणत्याही स्वरूपातील संपूर्ण संयुक्त ब गटाची भर घातली जाईल.,Parantu hē suniścita kēlē pāhijē kī sampūrṇa bī kŏmplēksa gaṭa kōṇatyā nā kōṇatyā svarupāta jōḍalā gēlā āhē jē phakta ēka bī ghaṭaka dilyāsa asamatōla hō'ū śakatē,Parantu hē suniścita kēlē pāhijē kī sampūrṇa bī kŏmplēksa gaṭa kōṇatyā nā kōṇatyā svarupāta jōḍalā gēlā āhē jē phakta ēka bī ghaṭaka dilyāsa asamatōla hō'ū śakatē
HL0013_EN_47,Water or other liquids should be taken half an hour before and one hour after a meal.,पाणी किंवा इतर द्रव पदार्थ एखाद्या जेवणाच्या अर्धा तास आधी किंवा एक तास नंतर घ्यावेत.,Pāṇī kinvā itara dravapadārtha jēvaṇācyā ardhā tāsa ādhī āṇi ēka tāsānantara ghyāvēta,Pāṇī kinvā itara dravapadārtha jēvaṇācyā ardhā tāsa ādhī āṇi ēka tāsānantara ghyāvēta
HL0013_EN_48,The term 'Eczema' is derived from a Greek word meaning 'to boil'.,इसब ही संज्ञा उकळवणे ह्या अर्थाच्या एका ग्रीक शब्दावरून उत्पन्न झाली.,Ēkjhimā' hā śabda grīka śabdāpāsūna ālā āhē jyācā artha'ukaḷaṇē' asā hōtō,Ēkjhimā' hā śabda grīka śabdāpāsūna ālā āhē jyācā artha'ukaḷaṇē' asā hōtō
HL0013_EN_49,It refers to an inflammation of the skin which results in the formation of vesicles or pustules.,ह्याचा संदर्भ त्वचेच्या दाहाशी आहे ज्याचा परिणाम पुटिका किंवा पियुका निर्माण होणे हा होतो.,Hē tvacēcyā jaḷajaḷīcā sandarbha dētē jyāmuḷē puṭikā kinvā pusṭyulsa tayāra hōtāta,Hē tvacēcyā jaḷajaḷīcā sandarbha dētē jyāmuḷē puṭikā kinvā pusṭyulsa tayāra hōtāta
HL0013_EN_50,It is the most common and most troublesome of all skin diseases.,हा सर्व आजारांमध्ये सर्वाधिक सामान्य व सर्वांत त्रासदायक आहे.,Sarva tvacēcyā rōgāmpaikī hā sarvāta sāmān'ya āṇi sarvāta trāsadāyaka āhē,Sarva tvacēcyā rōgāmpaikī hā sarvāta sāmān'ya āṇi sarvāta trāsadāyaka āhē
HL0013_EN_51,"Eczema is essentially a constitutional disease, resulting from a toxic condition of the system.",ह्या यंत्रणेच्या विषारी परिस्थितीचा परिणाम असलेला एका इसब हा मुख्यत्त्वे एक प्रकृतीजन्य आजार आहे.,"Ēkjimā hā mūlata: Ēka sanvaidhānika rōga āhē, jō praṇālīcyā viṣārī sthitīmuḷē udbhavatō","Ēkjimā hā mūlata: Ēka sanvaidhānika rōga āhē, jō praṇālīcyā viṣārī sthitīmuḷē udbhavatō"
HL0013_EN_52,"The disease covers a wide variety of forms, the majority of them, being of a chronic variety.","ह्या आजारात अनेकाविध प्रकारांचा अंतर्भाव होतो, त्यातील बहुतांश दीर्घकालीन गटातील असतात.","Yā rōgāmadhyē vividha prakārān̄cā samāvēśa hōtō, tyāpaikī bahutēka ēka junāṭa prakāra āhēta","Yā rōgāmadhyē vividha prakārān̄cā samāvēśa hōtō, tyāpaikī bahutēka ēka junāṭa prakāra āhēta"
HL0013_EN_53,The skin is one of the excretory organs of the body through which large quantities of toxic matter are easily eliminated.,ज्यातून मोठया प्रमाणात विषारी पदार्थ सहजपणे बाहेर टाकले जातात ती  त्वचा ही शरीराच्या उत्सर्जी अवयवांपैकी एक आहे.,Tvacā hā śarīrācyā utsarjita avayavāmpaikī ēka āhē jyādvārē mōṭhyā pramāṇāta viṣārī padārtha sahajapaṇē kāḍhūna ṭākalē jātāta,Tvacā hā śarīrācyā utsarjita avayavāmpaikī ēka āhē jyādvārē mōṭhyā pramāṇāta viṣārī padārtha sahajapaṇē kāḍhūna ṭākalē jātāta
HL0013_EN_54,"Because of its large surface, it can effectively eliminate waste matter which other organs of elimination - namely the kidneys, intestines and lungs - do not have the capacity to handle.","त्याच्या विस्तृत पृष्ठभागामुळे, ती कार्यक्षमरित्या  टाकाऊ पदार्थ बाहेर टाकू शकते, जे नियंत्रित करण्याची क्षमता वृक्क, आतडी व फुफ्फुसे ह्यांसारख्या इतर उत्सर्जी अवयवांमध्ये नाही.","Tyācyā mōṭhyā pr̥ṣṭhabhāgāmuḷē, tē prabhāvīpaṇē ṭākā'ū padārtha kāḍhūna ṭākū śakatē jē nirmūlanācē itara avayava - mhaṇajē mūtrapiṇḍa, ātaḍē āṇi phuphphusē - hātāḷaṇyācī kṣamatā nāhī","Tyācyā mōṭhyā pr̥ṣṭhabhāgāmuḷē, tē prabhāvīpaṇē ṭākā'ū padārtha kāḍhūna ṭākū śakatē jē nirmūlanācē itara avayava - mhaṇajē mūtrapiṇḍa, ātaḍē āṇi phuphphusē - hātāḷaṇyācī kṣamatā nāhī"
HL0013_EN_55,"Eczema, in its acute form, is indicated by redness and swelling of the skin, the formation of minute vesicles and severe heat.","इसब त्याच्या गंभीर अवस्थेत असल्यास हा त्वचेचा लालसरपणा व सूज, सौम्य पुटिकांची निर्मिती व तीव्र उष्णता ह्यांनी सूचित केला जातो.","Ēkjimā, tyācyā tīvra svarūpāta, tvacēcī lālasarapaṇā āṇi sūja, miniṭa vēsikalsa āṇi tīvra uṣṇatā dvārē darśavilē jātē","Ēkjimā, tyācyā tīvra svarūpāta, tvacēcī lālasarapaṇā āṇi sūja, miniṭa vēsikalsa āṇi tīvra uṣṇatā dvārē darśavilē jātē"
HL0013_EN_56,"If the vesicles rupture, a raw, moist surface is formed.","जर पुटिका फुटल्या तर एक खडबडीत, दमट पृष्ठभाग निर्माण होतो.","Puṭikā phuṭalyāsa, ēka kaccā, ōlasara pr̥ṣṭhabhāga tayāra hōtō","Puṭikā phuṭalyāsa, ēka kaccā, ōlasara pr̥ṣṭhabhāga tayāra hōtō"
HL0015_EN_59,"Smaller gall-stones, can, however, be cleared through dietetic cure.","मात्र, पित्ताशयातील लहान खडे उपवासाच्या उपचाराने काढून टाकता येतात.","Lahāna pitta-sṭōna, tathāpi, āhārātīla upacārāndvārē sāpha kēlē jā'ū śakatāta","Lahāna pitta-sṭōna, tathāpi, āhārātīla upacārāndvārē sāpha kēlē jā'ū śakatāta"
HL0015_EN_60,"In cases of acute gall-bladder inflammation, the patient should fast for two or three days, until the acute condition is cleared.",पित्ताशयातील तीव्र दाहाच्या केसींमध्ये गंभीर अवस्था दूर होईपर्यंत रूग्णाने दोन किंवा तीन दिवस उपवास केला पाहिजे.,"Tīvra pitta-mūtrāśaya jaḷajaḷa jhālyāsa, rugṇānē tīvra sthitī sāpha hō'īparyanta dōna kinvā tīna divasa upavāsa kēlā pāhijē","Tīvra pitta-mūtrāśaya jaḷajaḷa jhālyāsa, rugṇānē tīvra sthitī sāpha hō'īparyanta dōna kinvā tīna divasa upavāsa kēlā pāhijē"
HL0015_EN_61,Nothing but water should be taken during the fast.,उपवासादरम्यान पाण्याशिवाय दुसरे काहीही घ्यायला नको.,Upavāsāta pāṇyāśivāya kāhīhī ghē'ū nayē,Upavāsāta pāṇyāśivāya kāhīhī ghē'ū nayē
HL0015_EN_62,"After the fast, the patient should take fruit and vegetable juices for a few days.",उपवासानंतर रूग्णाने काही दिवसांसाठी फळांचे व भाज्यांचे रस घेतले पाहिजेत.,"Upavāsānantara, rugṇānē kāhī divasa phaḷē āṇi bhājyān̄cē rasa ghyāvē","Upavāsānantara, rugṇānē kāhī divasa phaḷē āṇi bhājyān̄cē rasa ghyāvē"
HL0015_EN_63,"The juices of carrots, beets, grape-fruits, pears, lemons or grapes may be used.","गाजरे, बीट, पपनस, पेअर, लिंबे किंवा द्राक्षे ह्यांच्या रसांचा वापर करता येतो.","Gājara, bīṭa, drākṣa-phaḷē, nāśapātī, limbū kinvā drākṣē yān̄cā rasa vāparalā jā'ū śakatō","Gājara, bīṭa, drākṣa-phaḷē, nāśapātī, limbū kinvā drākṣē yān̄cā rasa vāparalā jā'ū śakatō"
HL0015_EN_64,"After the juices, the patient should adopt a well- balanced diet which should contain an adequate amount of all the essential nutrients.",रसांनंतर रूग्णाने सर्व आवश्यक पोषकांचे योग्य  प्रमाण असलेला लसंतुलित आहार स्विकारला पाहिजे.,"Rasa ghētalyānantara, rugṇānē santulita āhārācā avalamba kēlā pāhijē jyāmadhyē sarva āvaśyaka pōṣaka tatvān̄cā purēsā pramāṇāta samāvēśa asāvā","Rasa ghētalyānantara, rugṇānē santulita āhārācā avalamba kēlā pāhijē jyāmadhyē sarva āvaśyaka pōṣaka tatvān̄cā purēsā pramāṇāta samāvēśa asāvā"
HL0015_EN_65,"Ideally, the diet should be lacto-vegetarian, with emphasis on raw and cooked vegetables, fruit and vegetable juices, and a moderate amount of fruits and seeds.","आदर्श स्थितीत, कच्च्या व शिजविलेल्या भाज्या, फळांचे व भाज्यांचे रस, आणि फळे व बिया ह्यांचे साधारण प्रमाण ह्यांवर भर असलेला दुग्ध- वनस्पतीजन्य आहार असला पाहिजे.","Tadvataca, āhāra hā laikṭō-śākāhārī asāvā, jyāmadhyē kaccyā āṇi śijavalēlyā bhājyā, phaḷē āṇi bhājyān̄cē rasa āṇi madhyama pramāṇāta phaḷē āṇi biyā yāvara bhara dyāvā","Tadvataca, āhāra hā laikṭō-śākāhārī asāvā, jyāmadhyē kaccyā āṇi śijavalēlyā bhājyā, phaḷē āṇi bhājyān̄cē rasa āṇi madhyama pramāṇāta phaḷē āṇi biyā yāvara bhara dyāvā"
HL0015_EN_66,Pears should be eaten generously as they have a specific healing effect on gall-bladder.,पेअर सढळरित्या खाल्ली पाहिजेत कारण त्यांचा पित्ताशयावर विशिष्ट असा आरामदायक परिणाम होतो.,Nāśapātī udārapaṇē khāvē kāraṇa tyān̄cā pittāśayāvara viśiṣṭa upacāra prabhāva asatō,Nāśapātī udārapaṇē khāvē kāraṇa tyān̄cā pittāśayāvara viśiṣṭa upacāra prabhāva asatō
HL0015_EN_67,"Yogurt, cottage cheese and a tablespoon of olive oil twice a day should also be included in the diet.","दही, पनीर, व दिवसातून दोनदा एक चमचा ऑलीव्हाचे तेल ह्यांचा देखील समावेश आहारात केला पाहिजे.","Divasātūna dōnadā dahī, kŏṭēja cīja āṇi ēka camacā ŏlivha ŏ'īla yān̄cāhī āhārāta samāvēśa karāvā","Divasātūna dōnadā dahī, kŏṭēja cīja āṇi ēka camacā ŏlivha ŏ'īla yān̄cāhī āhārāta samāvēśa karāvā"
HL0015_EN_68,"Oil serves as a stimulant for the production of bile and lipase, the fat digesting enzymes.","तेल हे  पित्त व मेद पचविणारे विकर, लायपेज ह्यांच्या उत्पादनात एका उद्दीपकाचे कार्य करते.","Pitta āṇi lipēsa, carabī pacavaṇārē ēnjhā'īma tayāra karaṇyāsāṭhī tēla uttējaka mhaṇūna kāma karatē","Pitta āṇi lipēsa, carabī pacavaṇārē ēnjhā'īma tayāra karaṇyāsāṭhī tēla uttējaka mhaṇūna kāma karatē"
HL0015_EN_69,High quality vegetable oil in the diet also prevents gall-stone formation.,आहारातील उच्च प्रतीचे वनस्पती तेलदेखील पित्ताशयातील खड्यांच्या निर्मितीस प्रतिबंध करते.,Āhārātīla ucca darjācē vanaspatī tēla dēkhīla pitta-sṭōna tayāra hōṇyāsa pratibandha karatē,Āhārātīla ucca darjācē vanaspatī tēla dēkhīla pitta-sṭōna tayāra hōṇyāsa pratibandha karatē
HL0015_EN_70,The patient should eat frequent small meals rather than three large meals.,तीन प्रमुख जेवणांऐवजी रूग्णाने वारंवार लहान प्रमाणातील जेवणे घेतली पाहिजेत.,Rugṇānē tīna mōṭhyā jēvaṇāmpēkṣā vāranvāra lahāna jēvaṇa khāvē,Rugṇānē tīna mōṭhyā jēvaṇāmpēkṣā vāranvāra lahāna jēvaṇa khāvē
HL0015_EN_71,Oil cure has been advocated by some nature cure practitioners for the removal of gall-stones.,निसर्गोपचाराचा अवलंब करणा-या काही जणांनी पित्ताशयातील खड्यांना दूर करण्यासाठी तेलाच्या उपचाराची शिफारस केली आहे.,Pitta-dagaḍa kāḍhūna ṭākaṇyāsāṭhī kāhī nisarga upacāra abhyāsakānnī tēla upacārācā sallā dilā āhē,Pitta-dagaḍa kāḍhūna ṭākaṇyāsāṭhī kāhī nisarga upacāra abhyāsakānnī tēla upacārācā sallā dilā āhē
HL0015_EN_72,"Raw, natural, unrefined vegetable oils for example, olive or sunflower oil are used.","कच्ची, नैसर्गिक, अपरिष्कृत तेले, उदाहरणार्थ, ऑलीव्हाचे किंवा सूर्यफुलाचे तेल, वापरली जातात.","Kaccē, naisargika, apariṣkr̥ta vanaspatī tēlē udāharaṇārtha, ŏlivha kinvā sūryaphūla tēla vāparalē jātāta","Kaccē, naisargika, apariṣkr̥ta vanaspatī tēlē udāharaṇārtha, ŏlivha kinvā sūryaphūla tēla vāparalē jātāta"
HL0015_EN_73,"The procedure is to take one ounce of vegetable oil, preferably olive oil, first thing in the morning and follow it immediately with four ounces of grapefruit juice or lemon juice.","ही पद्धती म्हणजे सकाळची पहिली गोष्ट म्हणून एक औंस वनस्पती तेलाचे, शक्यतो ऑलीव्हाचे तेलाचे सेवन करणे व त्यानंतर लगेच चार औंस पपनस रस अथवा लिंबाचा रस घेणे.","Prakriyā aśī āhē kī ēka aunsa vanaspatī tēla, śakyatō ŏlivha ŏ'ila, sakāḷī sarvāta ādhī ghyā āṇi lagēcaca cāra aunsa drākṣācā rasa kinvā limbācā rasa ghyā.","Prakriyā aśī āhē kī ēka aunsa vanaspatī tēla, śakyatō ŏlivha ŏ'ila, sakāḷī sarvāta ādhī ghyā āṇi lagēcaca cāra aunsa drākṣācā rasa kinvā limbācā rasa ghyā."
HL0023_EN_78,The man who commits suicide claims that life is not worth living.,आत्महत्या करणारा माणूस असा दावा करतो की जीवन हे जगण्यालायक नाही.,Ātmahatyā karaṇārā māṇūsa asā dāvā karatō kī jīvana jagaṇē yōgya nāhī,Ātmahatyā karaṇārā māṇūsa asā dāvā karatō kī jīvana jagaṇē yōgya nāhī
HL0023_EN_79,"Those who do not care for their health also commit suicide, slowly and painfully.",जे त्यांच्या आरोग्याची काळजी करत नाहीत ते देखील हळूहळू व वेदनादायकरित्या आत्महत्या करतात.,Jē tyān̄cyā ārōgyācī kāḷajī karata nāhīta tē dēkhīla haḷūhaḷū va vēdanādāyakarityā ātmahatyā karatāta.,Jē tyān̄cyā ārōgyācī kāḷajī karata nāhīta tē dēkhīla haḷūhaḷū va vēdanādāyakarityā ātmahatyā karatāta.
HL0023_EN_80,"There are people who reduce their physical activity to a minimum, hoping to gain time for the pursuit of wealth.",अशी माणसे आहेत जी संपत्तीच्या शोधार्थ वेळ मिळावा ह्या आशेने त्यांच्या शारीरीक  कृतींना एका किमान पातळीपर्यंत कमी करतात.,Aśī māṇasē āhēta jī sampattīcyā śōdhārtha vēḷa miḷāvā hyā āśēnē tyān̄cyā śārīrīka  kr̥tīnnā ēkā kimāna pātaḷīparyanta kamī karatāta.,Aśī māṇasē āhēta jī sampattīcyā śōdhārtha vēḷa miḷāvā hyā āśēnē tyān̄cyā śārīrīka  kr̥tīnnā ēkā kimāna pātaḷīparyanta kamī karatāta.
HL0023_EN_81,This philosophy defeats itself.,हे तत्त्वज्ञान स्वतःचाच पराभव करते.,Hē tattvajñāna svataḥcāca parābhava karatē.,Hē tattvajñāna svataḥcāca parābhava karatē.
HL0023_EN_82,"Temporarily, the man who neglects his body may gain time for other affairs.","जो माणूस त्याच्या शरीराकडे दुर्लक्ष करतो तो तात्पुरता, त्याच्या इतर कांमांसाठी वेळ काढू शकतो.","Jō māṇūsa tyācyā śarīrākaḍē durlakṣa karatō tō tātpuratā, tyācyā itara kāmmānsāṭhī vēḷa kāḍhū śakatō.","Jō māṇūsa tyācyā śarīrākaḍē durlakṣa karatō tō tātpuratā, tyācyā itara kāmmānsāṭhī vēḷa kāḍhū śakatō."
HL0023_EN_83,"If no immediate bad effects follow, he feels that he has an edge over the man who devotes time and thought to cultivate his body.",त्याच्यानंतर कोणतेही तातडीचे वाईट परिणाम घडले नाहीत तर त्याला वाटते की जो माणूस शरीरसाधनेसाठी आपला वेळ व आपले विचार देतो त्याच्यापेक्षा आपण जास्त चांगले आहोत.,Tyācyānantara kōṇatēhī tātaḍīcē vā'īṭa pariṇāma ghaḍalē nāhīta tara tyālā vāṭatē kī jō māṇūsa śarīrasādhanēsāṭhī āpalā vēḷa va āpalē vicāra dētō tyācyāpēkṣā āpaṇa jāsta cāṅgalē āhōta.,Tyācyānantara kōṇatēhī tātaḍīcē vā'īṭa pariṇāma ghaḍalē nāhīta tara tyālā vāṭatē kī jō māṇūsa śarīrasādhanēsāṭhī āpalā vēḷa va āpalē vicāra dētō tyācyāpēkṣā āpaṇa jāsta cāṅgalē āhōta.
HL0023_EN_84,"Temporarily, the man who neglects his body does gain time for other activities.",जो माणूस त्याच्या शरीराकडे दूर्लक्ष करतो त्याला इतर कांमांसाठी तात्पुरता वेळ मिळतो.,Jō māṇūsa tyācyā śarīrākaḍē dūrlakṣa karatō tyālā itara kāmmānsāṭhī tātpuratā vēḷa miḷatō.,Jō māṇūsa tyācyā śarīrākaḍē dūrlakṣa karatō tyālā itara kāmmānsāṭhī tātpuratā vēḷa miḷatō.
HL0023_EN_85,The habit of laziness is created first by the non-physical demand of life.,आळसाची सवय ही आधी जीवनाच्या अ-शारीरीक गरजेपोटी निर्माण होते.,Āḷasācī savaya hī ādhī jīvanācyā a-śārīrīka garajēpōṭī nirmāṇa hōtē.,Āḷasācī savaya hī ādhī jīvanācyā a-śārīrīka garajēpōṭī nirmāṇa hōtē.
HL0023_EN_86,Then the habit of neglect becomes a force in itself to discourage the return to a physically active life.,"दूर्लक्ष करायची सवय ही त्यानंतर, शारीरीकदृष्टया कार्यशील आयुष्याकडे परतण्यास नाउमेद करायला,  स्वतःच एक शक्ती बनते.","Dūrlakṣa karāyacī savaya hī tyānantara, śārīrīkadr̥ṣṭayā kāryaśīla āyuṣyākaḍē parataṇyāsa nā'umēda karāyalā,  svataḥca ēka śaktī banatē.","Dūrlakṣa karāyacī savaya hī tyānantara, śārīrīkadr̥ṣṭayā kāryaśīla āyuṣyākaḍē parataṇyāsa nā'umēda karāyalā,  svataḥca ēka śaktī banatē."
HL0023_EN_87,Thus a vicious circle of body neglect is established.,अशाप्रकारे शरीराकडे दूर्लक्ष करण्याचे एक दुष्टचक्र प्रस्थापित होते.,Aśāprakārē śarīrākaḍē dūrlakṣa karaṇyācē ēka duṣṭacakra prasthāpita hōtē.,Aśāprakārē śarīrākaḍē dūrlakṣa karaṇyācē ēka duṣṭacakra prasthāpita hōtē.
HL0028_EN_92,"They carry the entire weight of the body from place to place, tirelessly.",ते संपूर्ण शरीराचे वजन एका ठिकाणाहून दुस~या ठिकाणी अथकपणे वाहून नेत असतात.,Tē sampūrṇa śarīrācē vajana ēkā ṭhikāṇāhūna dusa~yā ṭhikāṇī athakapaṇē vāhūna nēta asatāta.,Tē sampūrṇa śarīrācē vajana ēkā ṭhikāṇāhūna dusa~yā ṭhikāṇī athakapaṇē vāhūna nēta asatāta.
HL0028_EN_93,A series of small joints in the spine is the most important of them all.,पाठीच्या कण्यातील लहान सांध्यांची साखळी ही त्यापैकी सर्वात महत्त्वाची आहे.,Pāṭhīcyā kaṇyātīla lahāna sāndhyān̄cī sākhaḷī hī tyāpaikī sarvāta mahattvācī āhē.,Pāṭhīcyā kaṇyātīla lahāna sāndhyān̄cī sākhaḷī hī tyāpaikī sarvāta mahattvācī āhē.
HL0028_EN_94,"Due to their flexibility one can bend, twist or turn and still keep the strength and control over them.","त्यांच्या लवचिकतेमुळे एखादा वाकू शकतो, वळू किंवा फिरू शकतो आणि तरीही ताकद शिल्लक ठेवू शकतो आणि त्यांच्यावर नियंत्रण ठेवू शकतो.","Tyān̄cyā lavacikatēmuḷē ēkhādā vākū śakatō, vaḷū kinvā phirū śakatō āṇi tarīhī tākada śillaka ṭhēvū śakatō āṇi tyān̄cyāvara niyantraṇa ṭhēvū śakatō.","Tyān̄cyā lavacikatēmuḷē ēkhādā vākū śakatō, vaḷū kinvā phirū śakatō āṇi tarīhī tākada śillaka ṭhēvū śakatō āṇi tyān̄cyāvara niyantraṇa ṭhēvū śakatō."
HL0028_EN_95,These joints become stiffer as you advance in age.,तुमच्या वाढत्या वयाबरोबर हे सांधे कडक होत जातात.,Tumacyā vāḍhatyā vayābarōbara hē sāndhē kaḍaka hōta jātāta.,Tumacyā vāḍhatyā vayābarōbara hē sāndhē kaḍaka hōta jātāta.
HL0028_EN_96,You can remain young as long as you can keep your joints flexible with the help of exercise.,व्यायामाच्या सहाय्याने तुम्ही तुमचे सांधे जेवढा अधिक काळ लवचिक ठेवू शकाल तेवढे तुम्ही तरुण रहाल.,Vyāyāmācyā sahāyyānē tumhī tumacē sāndhē jēvaḍhā adhika kāḷa lavacika ṭhēvū śakāla tēvaḍhē tumhī taruṇa rahāla.,Vyāyāmācyā sahāyyānē tumhī tumacē sāndhē jēvaḍhā adhika kāḷa lavacika ṭhēvū śakāla tēvaḍhē tumhī taruṇa rahāla.
HL0028_EN_97,Yoga exercises (Asana) are the best for the mobility of the spine.,पाठीच्या कण्याच्या चलनवलनासाठी योग व्यायाम(आसने) हे उत्तम व्यायाम आहेत.,Pāṭhīcyā kaṇyācyā calanavalanāsāṭhī yōga vyāyāma(āsanē) hē uttama vyāyāma āhēta.,Pāṭhīcyā kaṇyācyā calanavalanāsāṭhī yōga vyāyāma(āsanē) hē uttama vyāyāma āhēta.
HL0028_EN_98,Yoga strengthens the nervous system.,योगामुळे मज्जासंस्था मजबूत होते.,Yōgāmuḷē majjāsansthā majabūta hōtē.,Yōgāmuḷē majjāsansthā majabūta hōtē.
HL0028_EN_99,The spine is like the battery of your body.,पाठीचा कणा म्हणजे तुमच्या शरीराची उर्जा-संचायिकाच आहे.,Pāṭhīcā kaṇā mhaṇajē tumacyā śarīrācī urjā-san̄cāyikāca āhē.,Pāṭhīcā kaṇā mhaṇajē tumacyā śarīrācī urjā-san̄cāyikāca āhē.
HL0028_EN_100,"If in use, you will keep it flexible.","ती वापरात राहिली तरच, तुम्ही ती लवचिक ठेवू शकाल.","Tī vāparāta rāhilī taraca, tumhī tī lavacika ṭhēvū śakāla.","Tī vāparāta rāhilī taraca, tumhī tī lavacika ṭhēvū śakāla."
HL0029_EN_1,It makes you feel young and keeps all other functions of the body in a firm condition.,ह्यामुळे तुमची वृत्ती तरूण होते व शरीराची इतर कार्ये योग्य स्थितीत राखली जातात.,Hyāmuḷē tumacī vr̥ttī tarūṇa hōtē va śarīrācī itara kāryē yōgya sthitīta rākhalī jātāta.,Hyāmuḷē tumacī vr̥ttī tarūṇa hōtē va śarīrācī itara kāryē yōgya sthitīta rākhalī jātāta.
HL0031_EN_4,"Lie on the floor face down, hands under shoulders, palms flat on the floor.","चेहरा खाली ठेवून हात खांद्यांखाली ठेवून, हाताचे तळवे जमिनीवर सपाट ठेवून जमिनीवर झोपा.","Cēharā khālī ṭhēvūna hāta khāndyāṅkhālī ṭhēvūna, hātācē taḷavē jaminīvara sapāṭa ṭhēvūna jaminīvara jhōpā.","Cēharā khālī ṭhēvūna hāta khāndyāṅkhālī ṭhēvūna, hātācē taḷavē jaminīvara sapāṭa ṭhēvūna jaminīvara jhōpā."
HL0031_EN_5,"Straighten the arms, lift the body and raise the hip to the highest point.","बाहू / हात सरळ करा, शरीर वर उचला आणि कंबर / नितंब सर्वोच्च बिंदुपर्यंत उंच उचला.","Bāhū/ hāta saraḷa karā, śarīra vara ucalā āṇi kambara/ nitamba sarvōcca binduparyanta un̄ca ucalā.","Bāhū/ hāta saraḷa karā, śarīra vara ucalā āṇi kambara/ nitamba sarvōcca binduparyanta un̄ca ucalā."
HL0031_EN_6,"Then the head travels slowly down in the direction of the arms and after the nose has reached the floor level, the chin and the chest are brought to the same level.",नंतर डोके हळुहळु बाहूंच्या दिशेने खाली येते आणि नाक जमिनीच्या सपाटीपर्यंत पोहोचल्यानंतर हनुवटी व छाती त्याच पातळीवर येतात.,Nantara ḍōkē haḷuhaḷu bāhūn̄cyā diśēnē khālī yētē āṇi nāka jaminīcyā sapāṭīparyanta pōhōcalyānantara hanuvaṭī va chātī tyāca pātaḷīvara yētāta.,Nantara ḍōkē haḷuhaḷu bāhūn̄cyā diśēnē khālī yētē āṇi nāka jaminīcyā sapāṭīparyanta pōhōcalyānantara hanuvaṭī va chātī tyāca pātaḷīvara yētāta.
HL0031_EN_7,"Take a deep breath in, at the starting position and breathe out slowly during the movement.",सुरुवातीच्या स्थितीत असताना आत खोल श्वास घ्या आणि हालचाल करत असताना हळुहळु श्वास बाहेर सोडा.,Suruvātīcyā sthitīta asatānā āta khōla śvāsa ghyā āṇi hālacāla karata asatānā haḷuhaḷu śvāsa bāhēra sōḍā.,Suruvātīcyā sthitīta asatānā āta khōla śvāsa ghyā āṇi hālacāla karata asatānā haḷuhaḷu śvāsa bāhēra sōḍā.
HL0031_EN_8,This is a difficult exercise and to make it easy the hands can be placed on a higher level than that of the feet.,"हा एक कठीण व्यायाम आहे आणि तो सोपा करण्यासाठी, पायांच्या पातळीपेक्षा हात अधिक उंच पातळीवर ठेवता येतात.","Hā ēka kaṭhīṇa vyāyāma āhē āṇi tō sōpā karaṇyāsāṭhī, pāyān̄cyā pātaḷīpēkṣā hāta adhika un̄ca pātaḷīvara ṭhēvatā yētāta.","Hā ēka kaṭhīṇa vyāyāma āhē āṇi tō sōpā karaṇyāsāṭhī, pāyān̄cyā pātaḷīpēkṣā hāta adhika un̄ca pātaḷīvara ṭhēvatā yētāta."
HL0031_EN_9,"This is a good exercise to strengthen your arms, chest and back.","तुमचे बाहू, छाती आणि मान बलवान करण्यासाठी हा एक चांगला व्यायाम आहे.","Tumacē bāhū, chātī āṇi māna balavāna karaṇyāsāṭhī hā ēka cāṅgalā vyāyāma āhē.","Tumacē bāhū, chātī āṇi māna balavāna karaṇyāsāṭhī hā ēka cāṅgalā vyāyāma āhē."
HL0031_EN_10,"Start by keeping the hands on the waist, feet together, body erect.","हात कमरेवर, पाय जुळलेले आणि शरीर ताठ ठेवून सुरुवात करा","Hāta kamarēvara, pāya juḷalēlē āṇi śarīra tāṭha ṭhēvūna suruvāta karā","Hāta kamarēvara, pāya juḷalēlē āṇi śarīra tāṭha ṭhēvūna suruvāta karā"
HL0031_EN_11,"Bend at the knees and the hips, lowering the body until calf and thigh form an angle of about 110 degrees.",पोट~या आणि मांडया ह्यात सुमारे ११० अंशाचा कोन होईपर्यंत रितीने शरीर खाली करुन गुढघे आणि कंबर वाकवा.,Pōṭa~yā āṇi māṇḍayā hyāta sumārē 110 anśācā kōna hō'īparyanta ritīnē śarīra khālī karuna guḍhaghē āṇi kambara vākavā.,Pōṭa~yā āṇi māṇḍayā hyāta sumārē 110 anśācā kōna hō'īparyanta ritīnē śarīra khālī karuna guḍhaghē āṇi kambara vākavā.
HL0031_EN_12,Now jump as high as 15-20 centimetres and land on straight legs.,आता १५ ते २० सेंटिमीटर उंच उडी मारा आणि सरळ केलेल्या पायांवर उभे रहा.,Ātā 15 tē 20 sēṇṭimīṭara un̄ca uḍī mārā āṇi saraḷa kēlēlyā pāyānvara ubhē rahā.,Ātā 15 tē 20 sēṇṭimīṭara un̄ca uḍī mārā āṇi saraḷa kēlēlyā pāyānvara ubhē rahā.
HL0031_EN_13,This combination will break your monotony and will be more effective.,हा संयोग तुमचा नष्ट करील आणि तो अधिक परिणामकारक होईल.,Hā sanyōga tumacā naṣṭa karīla āṇi tō adhika pariṇāmakāraka hō'īla.,Hā sanyōga tumacā naṣṭa karīla āṇi tō adhika pariṇāmakāraka hō'īla.
HL0034_EN_17,"Whatever sugar we eat should be burnt up to produce energy, and if they can't be they will produce health problems.","जी साखर आपण खातो ती उर्जा निर्माण करण्यासाठी जाळली पाहिजे, व ती जाळली नाही तर त्यामुळे आरोग्यविषयक समस्या निर्माण होतील.","Jī sākhara āpaṇa khātō tī urjā nirmāṇa karaṇyāsāṭhī jāḷalī pāhijē, va tī jāḷalī nāhī tara tyāmuḷē ārōgyaviṣayaka samasyā nirmāṇa hōtīla.","Jī sākhara āpaṇa khātō tī urjā nirmāṇa karaṇyāsāṭhī jāḷalī pāhijē, va tī jāḷalī nāhī tara tyāmuḷē ārōgyaviṣayaka samasyā nirmāṇa hōtīla."
HL0034_EN_18,They selected 10 countries which consume more sugar and 10 countries which consume less sugar.,त्यांनी अधिक साखर सेवन करणारी १०राष्ट्रे व कमी साखर सेवन करणारी १० राष्ट्रे निवडली.,Tyānnī adhika sākhara sēvana karaṇārī 10rāṣṭrē va kamī sākhara sēvana karaṇārī 10 rāṣṭrē nivaḍalī.,Tyānnī adhika sākhara sēvana karaṇārī 10rāṣṭrē va kamī sākhara sēvana karaṇārī 10 rāṣṭrē nivaḍalī.
HL0034_EN_19,They found that countries which consume the least amount of sugar have the least number of heart problems.,त्यांना आढळले की  ज्या राष्ट्रांमध्ये कमीतकमी प्रमाणात साखर सेवन केली जाते तेथे हृदयाच्या समस्या कमीतकमी असतात.,Tyānnā āḍhaḷalē kī  jyā rāṣṭrāmmadhyē kamītakamī pramāṇāta sākhara sēvana kēlī jātē tēthē hr̥dayācyā samasyā kamītakamī asatāta.,Tyānnā āḍhaḷalē kī  jyā rāṣṭrāmmadhyē kamītakamī pramāṇāta sākhara sēvana kēlī jātē tēthē hr̥dayācyā samasyā kamītakamī asatāta.
HL0034_EN_20,The eyes become brighter and more youthful and sight improves by fasting.,डोळे अधिक चमकणारे व अधिक तरुण होतात व उपवासाने दृष्टी सुधारते.,Ḍōḷē adhika camakaṇārē va adhika taruṇa hōtāta va upavāsānē dr̥ṣṭī sudhāratē.,Ḍōḷē adhika camakaṇārē va adhika taruṇa hōtāta va upavāsānē dr̥ṣṭī sudhāratē.
HL0034_EN_21,The kidney and the liver function better after a fast.,मूत्रपिंड व वृक्क ही उपवासानंतर अधिक चांगल्या प्रकारे कार्य करतात.,Mūtrapiṇḍa va vr̥kka hī upavāsānantara adhika cāṅgalyā prakārē kārya karatāta.,Mūtrapiṇḍa va vr̥kka hī upavāsānantara adhika cāṅgalyā prakārē kārya karatāta.
HL0034_EN_22,"If you are suffering from a severe liver and kidney ailment, better be careful. As these organs help in the excretion of body's morbid matter during a fast, their load of work increases.",तुम्ही एखादाया गंभीर अशा वृक्क व मूत्रपिंडाच्या आजाराने पीडीत असाल तर सतर्क राहणे चांगले. हे अवयव एखाद्या उपवासादरम्यान शरीरातील टाकाऊ घटक बाहेर टाकण्यास सहाय्य करतात त्यामुळे त्यांच्यावरील कामाचा भार वाढतो.,Tumhī ēkhādāyā gambhīra aśā vr̥kka va mūtrapiṇḍācyā ājārānē pīḍīta asāla tara satarka rāhaṇē cāṅgalē. Hē avayava ēkhādyā upavāsādaramyāna śarīrātīla ṭākā'ū ghaṭaka bāhēra ṭākaṇyāsa sahāyya karatāta tyāmuḷē tyān̄cyāvarīla kāmācā bhāra vāḍhatō.,Tumhī ēkhādāyā gambhīra aśā vr̥kka va mūtrapiṇḍācyā ājārānē pīḍīta asāla tara satarka rāhaṇē cāṅgalē. Hē avayava ēkhādyā upavāsādaramyāna śarīrātīla ṭākā'ū ghaṭaka bāhēra ṭākaṇyāsa sahāyya karatāta tyāmuḷē tyān̄cyāvarīla kāmācā bhāra vāḍhatō.
HL0034_EN_23,The skin becomes fresh and youthful.,त्वचा ताजी व तरुण होते.,Tvacā tājī va taruṇa hōtē.,Tvacā tājī va taruṇa hōtē.
HL0034_EN_24,"Wrinkles, blotches, decolouration and pimples disappear during fasting.","सुरकुत्या, ब्लोच, रंगबदल, मुरूमे उपवासादरम्यान नाहिशी होतात.","Surakutyā, blōca, raṅgabadala, murūmē upavāsādaramyāna nāhiśī hōtāta.","Surakutyā, blōca, raṅgabadala, murūmē upavāsādaramyāna nāhiśī hōtāta."
HL0034_EN_25,"At the initial stage of a fast, the pulse rate may rise.",उपवासाच्या सुरवातीच्या टप्प्यावर हृदयाची स्पंदने वाढू शकतात.,Upavāsācyā suravātīcyā ṭappyāvara hr̥dayācī spandanē vāḍhū śakatāta.,Upavāsācyā suravātīcyā ṭappyāvara hr̥dayācī spandanē vāḍhū śakatāta.
HL0034_EN_26,Slowly it comes down and settles at approx. 40 beats per minute.,हळूहळू ते कमी होतात व सुमारे दर मिनिटाला ४० ठोके असे स्थिर होतात.,Haḷūhaḷū tē kamī hōtāta va sumārē dara miniṭālā 40 ṭhōkē asē sthira hōtāta.,Haḷūhaḷū tē kamī hōtāta va sumārē dara miniṭālā 40 ṭhōkē asē sthira hōtāta.
HL0038_EN_80,"People, who sleep long, say sixteen hours, do so because they sleep through two cycles for lack of an effective body wake-up signal.",जे लोक सोळा तास झोपतात त्याचे कारण ते शरीराला जागृतावस्थेचा परिणामकारक संदेश प्राप्त न झाल्याने दोन चक्रे झोप घेतात.,Jē lōka sōḷā tāsa jhōpatāta tyācē kāraṇa tē śarīrālā jāgr̥tāvasthēcā pariṇāmakāraka sandēśa prāpta na jhālyānē dōna cakrē jhōpa ghētāta.,Jē lōka sōḷā tāsa jhōpatāta tyācē kāraṇa tē śarīrālā jāgr̥tāvasthēcā pariṇāmakāraka sandēśa prāpta na jhālyānē dōna cakrē jhōpa ghētāta.
HL0038_EN_81,Hydrotherapy is known to help the insomniacs in a big way.,निद्रानाशावर उदकचिकित्सेचा मोठा फायदा होत असल्याचे ज्ञात आहे.,Nidrānāśāvara udakacikitsēcā mōṭhā phāyadā hōta asalyācē jñāta āhē.,Nidrānāśāvara udakacikitsēcā mōṭhā phāyadā hōta asalyācē jñāta āhē.
HL0038_EN_82,Many treatments are useful to achieve good quality sleep.,चांगल्या प्रतीची झोप मिळण्यासाठी अनेक उपचारपद्धती फायदेशीर आहेत.,Cāṅgalyā pratīcī jhōpa miḷaṇyāsāṭhī anēka upacārapad'dhatī phāyadēśīra āhēta.,Cāṅgalyā pratīcī jhōpa miḷaṇyāsāṭhī anēka upacārapad'dhatī phāyadēśīra āhēta.
HL0038_EN_83,A relaxed body will help achieve good sleep.,शरीराला विश्राम मिळाल्यास चांगली झोप येण्यास मदत होईल.,Śarīrālā viśrāma miḷālyāsa cāṅgalī jhōpa yēṇyāsa madata hō'īla.,Śarīrālā viśrāma miḷālyāsa cāṅgalī jhōpa yēṇyāsa madata hō'īla.
HL0038_EN_84,The temperature rhythms of the body can be altered with the help of different water treatments.,विविध उदकचिकित्सांच्या मदतीने शारीरिक तापमानाच्या लयी बदलता येतात.,Vividha udakacikitsān̄cyā madatīnē śārīrika tāpamānācyā layī badalatā yētāta.,Vividha udakacikitsān̄cyā madatīnē śārīrika tāpamānācyā layī badalatā yētāta.
HL0038_EN_85,If you sleep in a room which is overcrowded or poorly ventilated your sleep will not be refreshing.,आपण जर गर्दी वा अपुरे वायुविजन असलेल्या खोलीत झोपलात तर आपली झोप आपल्याला ताजीतवानी करणारी असणार नाही.,Āpaṇa jara gardī vā apurē vāyuvijana asalēlyā khōlīta jhōpalāta tara āpalī jhōpa āpalyālā tājītavānī karaṇārī asaṇāra nāhī.,Āpaṇa jara gardī vā apurē vāyuvijana asalēlyā khōlīta jhōpalāta tara āpalī jhōpa āpalyālā tājītavānī karaṇārī asaṇāra nāhī.
HL0038_EN_86,"If you live in a congested area or in a noisy and busy road side or beside a railway track, your sleep will be disturbed.","तुम्ही दाटीवाटीच्या क्षेत्रात वा गोंगाट असलेल्या वर्दळीच्या रस्त्यालगत वा आगगाडीच्या रुळांनजिक रहात असाल, तर तुमच्या झोपेत व्यत्यय येईल.","Tumhī dāṭīvāṭīcyā kṣētrāta vā gōṅgāṭa asalēlyā vardaḷīcyā rastyālagata vā āgagāḍīcyā ruḷānnajika rahāta asāla, tara tumacyā jhōpēta vyatyaya yē'īla.","Tumhī dāṭīvāṭīcyā kṣētrāta vā gōṅgāṭa asalēlyā vardaḷīcyā rastyālagata vā āgagāḍīcyā ruḷānnajika rahāta asāla, tara tumacyā jhōpēta vyatyaya yē'īla."
HL0038_EN_87,The body gets used to noise to a large extent.,"काही दिवसांनंतर गोंगाटाचा तुमच्या झोपेवर फारसा परिणाम होणार नाही, पण तुमची झोप सावध असेल तर झोपेवर त्याचा परिणाम होईल.","Kāhī divasānnantara gōṅgāṭācā tumacyā jhōpēvara phārasā pariṇāma hōṇāra nāhī, paṇa tumacī jhōpa sāvadha asēla tara jhōpēvara tyācā pariṇāma hō'īla.","Kāhī divasānnantara gōṅgāṭācā tumacyā jhōpēvara phārasā pariṇāma hōṇāra nāhī, paṇa tumacī jhōpa sāvadha asēla tara jhōpēvara tyācā pariṇāma hō'īla."
HL0038_EN_88,"After a few days the noise does not affect your sleep to a great extent, but if you are a light sleeper it will affect your sleep.",शरीराला गोंगाटाची बर्‍याच प्रमाणात सवय होते.,Śarīrālā gōṅgāṭācī bar‍yāca pramāṇāta savaya hōtē.,Śarīrālā gōṅgāṭācī bar‍yāca pramāṇāta savaya hōtē.
HL0038_EN_89,Try to live in a quieter place or at least install an air conditioner to improve the situation if you cannot get sleep.,शांत जागी निवास करण्याचा प्रयत्न करा किंवा तुम्हाला झोप मिळत नसेल तर परिस्थितीत सुधारणा करण्याकरिता वातानुकूलक तरी बसवून घ्या.,Śānta jāgī nivāsa karaṇyācā prayatna karā kinvā tumhālā jhōpa miḷata nasēla tara paristhitīta sudhāraṇā karaṇyākaritā vātānukūlaka tarī basavūna ghyā.,Śānta jāgī nivāsa karaṇyācā prayatna karā kinvā tumhālā jhōpa miḷata nasēla tara paristhitīta sudhāraṇā karaṇyākaritā vātānukūlaka tarī basavūna ghyā.
HL0041_EN_42,When oxygen is carried to the cells of the organism and carbon dioxide is carried away it is called internal respiration within the cells.,जेव्हा प्राणवायू त्या वैयक्तिक प्राण्याच्या पेशींपर्यंत पोहोचवला जातो आणि कर्बद्विप्राणिल वायू बाहेर टाकला जातो तेव्हा त्याला पेशींमधील अंतर्गत श्वसन असे म्हणतात.,Jēvhā prāṇavāyū tyā vaiyaktika prāṇyācyā pēśīmparyanta pōhōcavalā jātō āṇi karbadviprāṇila vāyū bāhēra ṭākalā jātō tēvhā tyālā pēśīmmadhīla antargata śvasana asē mhaṇatāta.,Jēvhā prāṇavāyū tyā vaiyaktika prāṇyācyā pēśīmparyanta pōhōcavalā jātō āṇi karbadviprāṇila vāyū bāhēra ṭākalā jātō tēvhā tyālā pēśīmmadhīla antargata śvasana asē mhaṇatāta.
HL0041_EN_43,The lungs in a human being are the chief organs of breathing.,मनुष्य प्राण्यामधील फुफ्फुसे हा श्वसनक्रियेचा मुख्य अवयव आहे.,Manuṣya prāṇyāmadhīla phuphphusē hā śvasanakriyēcā mukhya avayava āhē.,Manuṣya prāṇyāmadhīla phuphphusē hā śvasanakriyēcā mukhya avayava āhē.
HL0041_EN_44,They are elastic structures in the cavity and each contains millions of small air chambers or sacs.,ती म्हणजे पोकळीमधील लवचिक रचना असतात आणि प्रत्येकामधे लाखो छोटे हवेचे कप्पे किंवा पिशव्या असतात.,Tī mhaṇajē pōkaḷīmadhīla lavacika racanā asatāta āṇi pratyēkāmadhē lākhō chōṭē havēcē kappē kinvā piśavyā asatāta.,Tī mhaṇajē pōkaḷīmadhīla lavacika racanā asatāta āṇi pratyēkāmadhē lākhō chōṭē havēcē kappē kinvā piśavyā asatāta.
HL0041_EN_45,Other structures important in breathing are the chest wall and the diaphragm.,श्वसनक्रियेमधील दुसरी महत्त्वाची रचना म्हणजे छातीची भिंत व पटल.,Śvasanakriyēmadhīla dusarī mahattvācī racanā mhaṇajē chātīcī bhinta va paṭala.,Śvasanakriyēmadhīla dusarī mahattvācī racanā mhaṇajē chātīcī bhinta va paṭala.
HL0041_EN_46,The chest wall includes the ribs and the muscles between the ribs.,छातीच्या भिंतीमधे फासळ्या व फासळ्यांमधील स्नायूंचा समावेश होतो.,Chātīcyā bhintīmadhē phāsaḷyā va phāsaḷyāmmadhīla snāyūn̄cā samāvēśa hōtō.,Chātīcyā bhintīmadhē phāsaḷyā va phāsaḷyāmmadhīla snāyūn̄cā samāvēśa hōtō.
HL0041_EN_47,The diaphragm is a dome shaped sheet of muscle that separates the chest cavity from the abdomen.,छातीचे पटल म्हणजे स्नायूंचा घुमटाकार पडदा जो छातीच्या पोकळीला ओटीपोटापासून अलग करतो.,Chātīcē paṭala mhaṇajē snāyūn̄cā ghumaṭākāra paḍadā jō chātīcyā pōkaḷīlā ōṭīpōṭāpāsūna alaga karatō.,Chātīcē paṭala mhaṇajē snāyūn̄cā ghumaṭākāra paḍadā jō chātīcyā pōkaḷīlā ōṭīpōṭāpāsūna alaga karatō.
HL0041_EN_48,Air enters and leaves the body through the nose and the mouth.,नाक व तोंडाद्वारे हवा शरीरात प्रवेश करते व बाहेर पडते.,Nāka va tōṇḍādvārē havā śarīrāta pravēśa karatē va bāhēra paḍatē.,Nāka va tōṇḍādvārē havā śarīrāta pravēśa karatē va bāhēra paḍatē.
HL0041_EN_49,"The pharynx (back of the nose and mouth), the larynx (voice box) and the trachea (windpipe) are the air passages that connect the nose and mouth with the lungs.","घसा (नाक व तोंडाचा मागील भाग), कंठनाल (स्वर पेटी) आणि श्वासनलिका हे नाक व तोंडाला फुफ्फुसांशी जोडणारे हवेचे मार्ग आहेत.","Ghasā (nāka va tōṇḍācā māgīla bhāga), kaṇṭhanāla (svara pēṭī) āṇi śvāsanalikā hē nāka va tōṇḍālā phuphphusānśī jōḍaṇārē havēcē mārga āhēta.","Ghasā (nāka va tōṇḍācā māgīla bhāga), kaṇṭhanāla (svara pēṭī) āṇi śvāsanalikā hē nāka va tōṇḍālā phuphphusānśī jōḍaṇārē havēcē mārga āhēta."
HL0041_EN_50,"During inspiration, also called inhalation, air from atmosphere is drawn into the lungs.","प्रेरणा दरम्यान, इनहेलेशन देखील म्हणतात, वातावरणातील हवा फुफ्फुसात काढली जाते.","Prēraṇā daramyāna, inahēlēśana dēkhīla mhaṇatāta, vātāvaraṇātīla havā phuphphusāta kāḍhalī jātē.","Prēraṇā daramyāna, inahēlēśana dēkhīla mhaṇatāta, vātāvaraṇātīla havā phuphphusāta kāḍhalī jātē."
HL0041_EN_51,"During expiration or exhalation, air is expelled from the lungs.","उच्छवास करताना किंवा श्वास बाहेर सोडताना, फुफ्फुसांमधून हवा बाहेर टाकली जाते.","Ucchavāsa karatānā kinvā śvāsa bāhēra sōḍatānā, phuphphusāmmadhūna havā bāhēra ṭākalī jātē.","Ucchavāsa karatānā kinvā śvāsa bāhēra sōḍatānā, phuphphusāmmadhūna havā bāhēra ṭākalī jātē."
HL0045_EN_4,"It is the price we pay for the so-called progress, industrialization and for getting more affluent.","ही तथाकथित प्रगती, औद्योगिकीकरण आणि अधिक समृद्ध होण्यासाठी आपण मोजलेली किंमत आहे.","Hī tathākathita pragatī, audyōgikīkaraṇa āṇi adhika samr̥d'dha hōṇyāsāṭhī āpaṇa mōjalēlī kimmata āhē.","Hī tathākathita pragatī, audyōgikīkaraṇa āṇi adhika samr̥d'dha hōṇyāsāṭhī āpaṇa mōjalēlī kimmata āhē."
HL0045_EN_5,The Atherosclerosis Research Centre in the U .S .A. tried an experiment to find out how stress could induce heart attacks.,"अमेरिकेतील अँथेरोकाठिण्य संशोधन केंद्राने, ताण कशाप्रकारे हृदयविकाराच्या झटक्यांना प्रवृत्त करतो हे शोधण्यासाठी  एक प्रयोग केला.","Amērikētīla am̐thērōkāṭhiṇya sanśōdhana kēndrānē, tāṇa kaśāprakārē hr̥dayavikārācyā jhaṭakyānnā pravr̥tta karatō hē śōdhaṇyāsāṭhī  ēka prayōga kēlā.","Amērikētīla am̐thērōkāṭhiṇya sanśōdhana kēndrānē, tāṇa kaśāprakārē hr̥dayavikārācyā jhaṭakyānnā pravr̥tta karatō hē śōdhaṇyāsāṭhī  ēka prayōga kēlā."
HL0045_EN_6,They took two groups of animals and fed them low fat and low cholesterol diet and matched them for their body weight and blood pressure reading.,त्यांनी प्राण्यांचे दोन गट घेतले आणि त्यांना कमी मेद व कमी कोलेस्टेरॉल असलेला आहार दिला आणि त्यांना शरीराचे वजन व रक्तदाबाचे प्रमाण ह्यांवरुन ताळून पाहिले.,"Tyānnī prāṇyān̄cē dōna gaṭa ghētalē āṇi tyānnā kamī mēda va kamī kōlēsṭērŏla asalēlā āhāra dilā āṇi tyānnā śarīrācē vajana va raktadābācē pramāṇa hyānvaruna tāḷūna pāhilē.
","Ameriketeel antherokaaṭhiṇay snshodhan kendraane, taaṇa kashaaprakaare hridayavikaaraachyaa jhaṭakyaannaa pravritt karato he shodhaṇayaasaaṭhee  ek prayog kelaa."
HL0045_EN_7,For one group they made living very stressful by putting them in cages to break up their normal sort of way.,त्यांची साधारण अशी पद्धत बदलण्यासाठी त्यांना पिंज-यांमध्ये ठेवून एका गटासाठी त्यांनी जगणे खूप तणावपूर्ण केले.,"Tyān̄cī sādhāraṇa aśī pad'dhata badalaṇyāsāṭhī tyānnā pin̄ja-yāmmadhyē ṭhēvūna ēkā gaṭāsāṭhī tyānnī jagaṇē khūpa taṇāvapūrṇa kēlē.
",Tyaannee praaṇayaanche don gaṭ ghetale aaṇai tyaannaa kamee med v kamee kolesṭerŏl asalelaa aahaar dilaa aaṇai tyaannaa shareeraache vajan v raktadaabaache pramaaṇa hyaanvarun taaḽoon paahile.
HL0045_EN_8,"At the end of the experiment, 21 months later, it was found that the stressful group was suffering from serious signs of fatty deposits in their arteries.","प्रयोगाच्या शेवटी, २१ महिन्यांनंतर, असे आढळून आले की तणावाखालील गटाला त्यांच्या  धमन्यांमधील मेदयुक्त साठ्यांच्या गंभीर लक्षणांनी त्रास होत होता.","Prayōgācyā śēvaṭī, 21 mahin'yānnantara, asē āḍhaḷūna ālē kī taṇāvākhālīla gaṭālā tyān̄cyā  dhaman'yāmmadhīla mēdayukta sāṭhyān̄cyā gambhīra lakṣaṇānnī trāsa hōta hōtā.
","Prayogaachyaa shevaṭee, 21 mahinyaannntar, ase aaḍhaḽoon aale kee taṇaavaakhaaleel gaṭaalaa tyaanchyaa  dhamanyaanmadheel medayukt saaṭhyaanchyaa gnbheer lakṣaṇaannee traas hot hotaa."
HL0045_EN_9,Not long ago a patient came to me filled with mental distress.,काही काळापूर्वी मानसिक अस्वास्थ्याने परिपूर्ण असा एक रुग्ण माझ्याकडे आला.,"Kāhī kāḷāpūrvī mānasika asvāsthyānē paripūrṇa asā ēka rugṇa mājhyākaḍē ālā.
",Kaahee kaaḽaapoorvee maanasik asvaasthyaane paripoorṇa asaa ek rugṇa maajhyaakaḍae aalaa.
HL0045_EN_10,He had not been able to sleep well for years.,तो वर्षानुवर्षे स्वस्थपणे झोपू शकत नव्हता.,तो वर्षानुवर्षे स्वस्थपणे झोपू शकत नव्हता.,To varṣaanuvarṣe svasthapaṇae jhopoo shakat navhataa.
HL0045_EN_11,"He was irritable, had a bad tummy upset, and an irritation of the throat and chest.","तो चिडचिडा होता, त्याला पोटाचे गंभीर असे अस्वास्थ्य, आणि घसा व छाती ह्यांचा दाह हे होते.","Tō ciḍaciḍā hōtā, tyālā pōṭācē gambhīra asē asvāsthya, āṇi ghasā va chātī hyān̄cā dāha hē hōtē.
","To chiḍaachiḍaa hotaa, tyaalaa poṭaache gnbheer ase asvaasthy, aaṇai ghasaa v chhaatee hyaanchaa daah he hote."
HL0045_EN_12,The law suits were being fought in the courts of law and there was no end in sight.,न्यायालयात दिवाणी खटले लढले जात होते आणि अंत दृष्टीक्षेपात नव्हता.,"N'yāyālayāta divāṇī khaṭalē laḍhalē jāta hōtē āṇi anta dr̥ṣṭīkṣēpāta navhatā.
",Nyaayaalayaat divaaṇaee khaṭale laḍhale jaat hote aaṇai ant driṣṭeekṣepaat navhataa.
HL0045_EN_13,"With cordiality gone and hatred mounting, the effect of all this started descending from a mental to physical level.","सौहार्दता गेल्यामुळे व तिरस्कार वाढल्यामुळे, ह्या सगळ्याचा परिणाम मानसिक पातळीवरुन शारीरिक पातळीवर उतरण्यास सुरवात झाली.","Sauhārdatā gēlyāmuḷē va tiraskāra vāḍhalyāmuḷē, hyā sagaḷyācā pariṇāma mānasika pātaḷīvaruna śārīrika pātaḷīvara utaraṇyāsa suravāta jhālī.
","Sauhaardataa gelyaamuḽe v tiraskaar vaaḍhalyaamuḽe, hyaa sagaḽyaachaa pariṇaam maanasik paataḽeevarun shaareerik paataḽeevar utaraṇayaas suravaat jhaalee."
HL0048_EN_16,But in the long run it brings ketosis and acidosis.,पण दीर्घ काळानंतर त्यामुळे केटोसिस आणि एसिडोसिसचा त्रास होतो.,"Paṇa dīrgha kāḷānantara tyāmuḷē kēṭōsisa āṇi ēsiḍōsisacā trāsa hōtō.
","Paṇa deergh kaaḽaanntar tyaamuḽe keṭosis aaṇai esiḍaosisachaa traas hoto."
HL0048_EN_17,Eating food frequently helps to remain less fat.,वारंवार खाण्यामुळे जाडी कमी ठेवायला मदत मिळते.,"Vāranvāra khāṇyāmuḷē jāḍī kamī ṭhēvāyalā madata miḷatē.
",Vaarnvaar khaaṇayaamuḽe jaaḍaee kamee ṭhevaayalaa madat miḽate.
HL0048_EN_18,If you eat less frequently you tend to eat a bigger quantity and the food tends to be more unbalanced.,तुम्ही वारंवार खाल्ले नाही तर एकाच वेळी भरपूर खाण्याकडे तुमचा कल असतो आणि अन्न अधिक असमतोल असण्याचा कल असतो.,"Tumhī vāranvāra khāllē nāhī tara ēkāca vēḷī bharapūra khāṇyākaḍē tumacā kala asatō āṇi anna adhika asamatōla asaṇyācā kala asatō.
",Tumhee vaarnvaar khaalle naahee tar ekaach veḽee bharapoor khaaṇayaakaḍae tumachaa kal asato aaṇai ann adhik asamatol asaṇayaachaa kal asato.
HL0048_EN_19,Obesity is more common in people who eat less frequently.,वारंवार न खाणा~या लोकात स्थूलपणा अधिक सामान्य आहे.,"Vāranvāra na khāṇā~yā lōkāta sthūlapaṇā adhika sāmān'ya āhē.
",Vaarnvaar n khaaṇaa~yaa lokaat sthoolapaṇaa adhik saamaany aahe.
HL0048_EN_20,Fasting is done for a quick weight reduction.,पटकन वजन कमी करण्यासाठी उपास केला जातो.,"Paṭakana vajana kamī karaṇyāsāṭhī upāsa kēlā jātō.
",Paṭakan vajan kamee karaṇayaasaaṭhee upaas kelaa jaato.
HL0048_EN_21,"Preferably, there should be short fasts lasting not more than a week or ten days.","प्राधान्यतः, एक आठवडा किंवा दहा दिवासाहून अधिक काळ नसणारे छोटे छोटे उपास असावेत.","Prādhān'yataḥ, ēka āṭhavaḍā kinvā dahā divāsāhūna adhika kāḷa nasaṇārē chōṭē chōṭē upāsa asāvēta.
","Praadhaanyatah, ek aaṭhavaḍaa kinvaa dahaa divaasaahoon adhik kaaḽ nasaṇaare chhoṭe chhoṭe upaas asaavet."
HL0048_EN_22,"Long term fasts by the obese may cause anaemia, potassium depletion, ketosis, liver dysfunction and hypotension.","स्थूल लोकांनी दीर्घ कालीन उपास केल्यास त्याची परिणती पंडुरोग, पोटेशियम कमी होणे, केटोसिस, यकृताचे कार्य बिघडणे  आणि हायपोटेंशनमध्ये होऊ शकते.","Sthūla lōkānnī dīrgha kālīna upāsa kēlyāsa tyācī pariṇatī paṇḍurōga, pōṭēśiyama kamī hōṇē, kēṭōsisa, yakr̥tācē kārya bighaḍaṇē  āṇi hāyapōṭēnśanamadhyē hō'ū śakatē.
","Sthool lokaannee deergh kaaleen upaas kelyaas tyaachee pariṇaatee pnḍaurog, poṭeshiyam kamee hoṇae, keṭosis, yakritaache kaary bighaḍaaṇae  aaṇai haayapoṭenshanamadhye hooo shakate."
HL0048_EN_23,Judicious fasting will give you health but it should be done under proper guidance.,योग्य प्रकारे उपास केल्यास तुम्हाला आरोग्याचा लाभ होईल पण तो उचित मार्गदर्शनाखाली करावा.,"Yōgya prakārē upāsa kēlyāsa tumhālā ārōgyācā lābha hō'īla paṇa tō ucita mārgadarśanākhālī karāvā.
",Yogy prakaare upaas kelyaas tumhaalaa aarogyaachaa laabh hoiil paṇa to uchit maargadarshanaakhaalee karaavaa.
HL0048_EN_24,"There are three fundamental methods for reducing weight: fasting, dieting and exercising.","वजन कमी करण्याचे तीन मूलभूत मार्ग आहेतः उपास, नियंत्रित आहार आणि व्यायाम करणे.","Vajana kamī karaṇyācē tīna mūlabhūta mārga āhētaḥ upāsa, niyantrita āhāra āṇi vyāyāma karaṇē.
","Vajan kamee karaṇayaache teen moolabhoot maarg aahetah upaas, niyntrit aahaar aaṇai vyaayaam karaṇae."
HL0048_EN_25,It is always better to combine two of them rather than to depend on one alone.,केवळ एकावर अवलंबून राहण्यापेक्षा त्यापैकी दोघांचा संयुक्तपणे उपयोग करणे अधिक चांगले.,"Kēvaḷa ēkāvara avalambūna rāhaṇyāpēkṣā tyāpaikī dōghān̄cā sanyuktapaṇē upayōga karaṇē adhika cāṅgalē.
",Kevaḽ ekaavar avalnboon raahaṇayaapekṣaa tyaapaikee doghaanchaa snyuktapaṇae upayog karaṇae adhik chaangale.
HL0052_EN_82,"Studies have shown that during meditation there is 25 percent decrease in cardiac output, compared with a 20 percent decrease during sleep.",अभ्यासातून असे दिसून आले आहे कि झोपेत २० टक्क्यांनी कमी होणा~या कार्डियाक आउटपुटच्या तुलनेने ध्यानधारणेच्या काळात ते २५ टक्क्यांनी कमी होते.,"Abhyāsātūna asē disūna ālē āhē ki jhōpēta 20 ṭakkyānnī kamī hōṇā~yā kārḍiyāka ā'uṭapuṭacyā tulanēnē dhyānadhāraṇēcyā kāḷāta tē 25 ṭakkyānnī kamī hōtē.
",Abhyaasaatoon ase disoon aale aahe ki jhopet 20 ṭakkyaannee kamee hoṇaa~yaa kaarḍaiyaak aauṭapuṭachyaa tulanene dhyaanadhaaraṇaechyaa kaaḽaat te 25 ṭakkyaannee kamee hote.
HL0052_EN_83,The heart rate falls by about 5 beats a minute.,हृदयाच्या स्पंदनाचा वेग एका मिनिटाला सुमारे ५ ठोके कमी होतो.,"Hr̥dayācyā spandanācā vēga ēkā miniṭālā sumārē 5 ṭhōkē kamī hōtō.
",Hridayaachyaa spndanaachaa veg ekaa miniṭaalaa sumaare 5 ṭhoke kamee hoto.
HL0052_EN_84,Researchers have found evidence of reduction of blood pressure.,संशोधकांना रक्तदाब कमी झाल्याचा पुरावा सापडला आहे.,"Sanśōdhakānnā raktadāba kamī jhālyācā purāvā sāpaḍalā āhē.
",Snshodhakaannaa raktadaab kamee jhaalyaachaa puraavaa saapaḍaalaa aahe.
HL0052_EN_85,Meditation helps in two ways - first it induces a relaxed state of your body and mind which is useful in moments of stress.,ध्यानधारणा दोन प्रकारे मदत करते- आधी ते तुमच्या शरीराची आणि मनाची स्थिती शिथील करते जे तणावाच्या क्षणी उपयुक्त असते.,"Dhyānadhāraṇā dōna prakārē madata karatē- ādhī tē tumacyā śarīrācī āṇi manācī sthitī śithīla karatē jē taṇāvācyā kṣaṇī upayukta asatē.
",Dhyaanadhaaraṇaa don prakaare madat karate- aadhee te tumachyaa shareeraachee aaṇai manaachee sthitee shitheel karate je taṇaavaachyaa kṣaṇaee upayukt asate.
HL0052_EN_86,"Second, although, this is less clear, it seems to have some direct physiological effects which are beneficial to those who are prone to coronary diseases.","दुसरे म्हणजे, जरी हे स्पष्ट नसले तरी, त्याचे थेट मानसिक प्रभाव असतात जे हृदयरोहिणीच्या विकाराला प्रवण असणा~यांना फायदेशीर असतात.","Dusarē mhaṇajē, jarī hē spaṣṭa nasalē tarī, tyācē thēṭa mānasika prabhāva asatāta jē hr̥dayarōhiṇīcyā vikārālā pravaṇa asaṇā~yānnā phāyadēśīra asatāta.
","Dusare mhaṇaaje, jaree he spaṣṭ nasale taree, tyaache theṭ maanasik prabhaav asataat je hridayarohiṇaeechyaa vikaaraalaa pravaṇa asaṇaa~yaannaa faayadesheer asataat."
HL0052_EN_87,It takes years for blood pressure to develop and it takes months to control it and reverse the process and set right the damages caused by blood pressure to the body.,रक्तदाब विकसित होण्यासाठी अनेक वर्षे लागतात आणि तो नियंत्रित करण्यासाठी आणि ती प्रक्रिया उलटी फिरविण्यासाठी आणि रक्तदाबामुळे शरीराची झालेली हानि भरून काढण्यासाठी महिने लागतात.,"Raktadāba vikasita hōṇyāsāṭhī anēka varṣē lāgatāta āṇi tō niyantrita karaṇyāsāṭhī āṇi tī prakriyā ulaṭī phiraviṇyāsāṭhī āṇi raktadābāmuḷē śarīrācī jhālēlī hāni bharūna kāḍhaṇyāsāṭhī mahinē lāgatāta.
",Raktadaab vikasit hoṇayaasaaṭhee anek varṣe laagataat aaṇai to niyntrit karaṇayaasaaṭhee aaṇai tee prakriyaa ulaṭee firaviṇayaasaaṭhee aaṇai raktadaabaamuḽe shareeraachee jhaalelee haani bharoon kaaḍhaṇayaasaaṭhee mahine laagataat.
HL0052_EN_88,Be prepared to hold your destiny in your hands.,तुमचे भवितव्य तुमच्या हाती ठेवण्यासाठी तयार रहा.,"Tumacē bhavitavya tumacyā hātī ṭhēvaṇyāsāṭhī tayāra rahā.
",Tumache bhavitavy tumachyaa haatee ṭhevaṇayaasaaṭhee tayaar rahaa.
HL0052_EN_89,"It depends upon the strength and rate of the heart's contraction, the volume of blood in the circulatory system and the elasticity of the arteries.","हृदयाचे बळ आणि त्याच्या आकुंचनाचा दर, रक्ताभिसरण यंत्रणेतील रक्ताचे प्रमाण आणि रक्तवाहिन्यांची लवचिकता यावर ते अवलंबून आहे.","Hr̥dayācē baḷa āṇi tyācyā ākun̄canācā dara, raktābhisaraṇa yantraṇētīla raktācē pramāṇa āṇi raktavāhin'yān̄cī lavacikatā yāvara tē avalambūna āhē.
","Hridayaache baḽ aaṇai tyaachyaa aakunchanaachaa dar, raktaabhisaraṇa yntraṇaeteel raktaache pramaaṇa aaṇai raktavaahinyaanchee lavachikataa yaavar te avalnboon aahe."
HL0052_EN_90,The sphygmomanometer is used to measure blood pressure.,रक्तदाब मोजण्यासाठी स्फिग्नोमॅनोमीटर वापरला जातो.,"Raktadāba mōjaṇyāsāṭhī sphignōmĕnōmīṭara vāparalā jātō.
",Raktadaab mojaṇayaasaaṭhee sfignomănomeeṭar vaaparalaa jaato.
HL0052_EN_91,"The pressure at which the flow of blood resumes is called the systolic pressure, it represents the blood pressure when the heart is contracting.","ज्या दाबावर रक्त प्रवाह पुन्हा सुरू होतो त्याला सिस्टॉलिक दाब म्हणतात, तो हृदय आकुंचन पावते तेव्हाच्या रक्तदाबाचा निदर्शक आहे.","Jyā dābāvara rakta pravāha punhā surū hōtō tyālā sisṭŏlika dāba mhaṇatāta, tō hr̥daya ākun̄cana pāvatē tēvhācyā raktadābācā nidarśaka āhē.
","Jyaa daabaavar rakt pravaah punhaa suroo hoto tyaalaa sisṭŏlik daab mhaṇaataat, to hriday aakunchan paavate tevhaachyaa raktadaabaachaa nidarshak aahe."
HL0089_EN_32,The incubation period for mumps (the time that the viral infection is in your system before the symptoms begin to show) is between 14-21 days.,गालगुंडांसाठीचा इनक्युबेशन पिरियड (तुमच्या शरीरात विषाणुचा संसर्ग झाल्यापासून ते लक्षणे दिसू लागण्यापर्यंतचा  काल) १४ ते २१ दिवसां दरम्यान असतो.,Gālaguṇḍānsāṭhīcā inakyubēśana piriyaḍa (tumacyā śarīrāta viṣāṇucā sansarga jhālyāpāsūna tē lakṣaṇē disū lāgaṇyāparyantacā  kāla) 14 tē 21 divasāṁ daramyāna asatō.,Gaalagunḍaansaaṭheechaa inakyubeshan piriyaḍa (tumachyaa shareeraat viṣaaṇauchaa snsarg jhaalyaapaasoon te lakṣaṇae disoo laagaṇayaaparyntachaa  kaal) 14 te 21 divasaan daramyaan asato.